{
  "min": -4.977406520843505,
  "max": 4.951265411376953
}
