{
  "min": -2.4792890548706055,
  "max": 4.951265411376953
}
