{
  "weights": [
    [
      [
        [
          138,
          146
        ],
        [
          109,
          102
        ],
        [
          167,
          87
        ]
      ],
      [
        [
          182,
          189
        ],
        [
          65,
          58
        ],
        [
          211,
          44
        ]
      ],
      [
        [
          226,
          233
        ],
        [
          22,
          14
        ],
        [
          255,
          0
        ]
      ]
    ]
  ],
  "scale": 0.13725490868091583,
  "zero_point": 131.0,
  "min": -17.980392456054688,
  "max": 17.019609451293945
}
