{
  "min": -4.9788299179077145,
  "max": 4.917050857543946
}
