{
  "min": -4.964057750701905,
  "max": 4.984564266204834
}
