{
  "min": -4.949517784118652,
  "max": 4.700943775177001
}
