{
  "min": -4.9345380973815915,
  "max": 4.910526599884033
}
