{
  "min": -4.99637056350708,
  "max": 4.955757389068604
}
