{
  "min": -2.4704078197479244,
  "max": 4.910526599884033
}
