{
  "min": -2.257103805541992,
  "max": 4.955757389068604
}
