{
  "min": 0.02638142943382263,
  "max": 0.9729149651527405
}
