{
  "weights": [
    [
      [
        1,
        1,
        1
      ]
    ]
  ],
  "scale": [
    0.10000000149011612,
    0.30000001192092896,
    0.5
  ],
  "zero_point": [
    0,
    0,
    0
  ]
}
