{
  "min": -4.966492671966552,
  "max": 4.97365219116211
}
