{
  "min": -4.944893226623535,
  "max": 4.942608108520508
}
