{
  "min": -4.985494499206543,
  "max": 4.967269058227539
}
