{
  "min": -2.4895002365112306,
  "max": 4.967269058227539
}
