{
  "min": -2.451441249847412,
  "max": 4.942608108520508
}
