{
  "min": -2.44303900718689,
  "max": 4.97365219116211
}
