{
  "min": -4.889848899841309,
  "max": 4.944388408660889
}
