{
  "min": -4.7183862495422355,
  "max": 4.684358768463135
}
