{
  "min": -4.733428707122803,
  "max": 4.9343701171875
}
