{
  "weights": [
    17503969,
    32507370,
    45510319,
    56887898
  ],
  "scale": [
    5.7129901172951205e-08,
    6.152450895548591e-08,
    6.591911673802062e-08,
    7.031372452055533e-08
  ]
}
