{
  "weights": [
    [
      [
        [
          2521,
          4681,
          6553,
          8192
        ],
        [
          -22685,
          23405,
          -24029,
          24575
        ]
      ],
      [
        [
          12603,
          14043,
          15291,
          16384
        ],
        [
          32767,
          -32767,
          32767,
          -32767
        ]
      ]
    ]
  ],
  "scale": [
    0.0003967406231879635,
    0.0004272591326639607,
    0.0004577776421399579,
    0.0004882961516159551
  ],
  "zero_point": 0.0,
  "min": [
    -13.0,
    -14.0,
    -15.0,
    -16.0
  ],
  "max": [
    13.0,
    14.0,
    15.0,
    16.0
  ]
}
