{
  "min": -4.9815891456604,
  "max": 4.833149127960205
}
