{
  "min": -11.962269973754882,
  "max": 10.79477970123291
}
