{
  "min": -4.890846576690674,
  "max": 4.976558513641357
}
