{
  "min": -207.54233032226563,
  "max": 208.95002136230468
}
