{
  "min": -4.82299165725708,
  "max": 4.932897224426269
}
