{
  "min": -4.790120906829833,
  "max": 4.960014820098877
}
