{
  "min": -30.124285202026368,
  "max": 32.49466659545899
}
