{
  "min": -28.49001350402832,
  "max": 28.614729080200195
}
