{
  "min": 0.003264044094830751,
  "max": 0.9900938200950622
}
