{
  "weights": [
    4374,
    8747
  ],
  "scale": [
    0.0002286423499283808,
    0.0002286423499283808
  ]
}
