{
  "weights": [
    [
      [
        [
          136,
          153
        ],
        [
          68,
          51
        ]
      ],
      [
        [
          34,
          221
        ],
        [
          0,
          255
        ]
      ]
    ],
    [
      [
        [
          204,
          102
        ],
        [
          187,
          119
        ]
      ],
      [
        [
          0,
          34
        ],
        [
          255,
          221
        ]
      ]
    ]
  ],
  "scale": [
    0.058823529411764705,
    0.058823529411764705
  ],
  "zero_point": [
    119.0,
    136.0
  ],
  "min": [
    -7.0,
    -8.0
  ],
  "max": [
    8.0,
    7.0
  ]
}
