{
  "min": 0.011221568882465362,
  "max": 0.9981276893615723
}
