{
  "min": -5.94246238708496,
  "max": 6.4764308166503906
}
