{
  "min": -4.899785652160644,
  "max": 4.915681838989258
}
