{
  "min": -2.348829574584961,
  "max": 4.915681838989258
}
