{
  "weights": [
    [
      143,
      159,
      79,
      63,
      47,
      223,
      15,
      254,
      191,
      95,
      175,
      111,
      0,
      31,
      239,
      207
    ],
    [
      143,
      159,
      79,
      63,
      47,
      223,
      15,
      254,
      191,
      95,
      175,
      111,
      0,
      31,
      239,
      207
    ],
    [
      143,
      159,
      79,
      63,
      47,
      223,
      15,
      254,
      191,
      95,
      175,
      111,
      0,
      31,
      239,
      207
    ],
    [
      143,
      159,
      79,
      63,
      47,
      223,
      15,
      254,
      191,
      95,
      175,
      111,
      0,
      31,
      239,
      207
    ]
  ],
  "scale": 0.062745101749897,
  "zero_point": 127.0,
  "min": -7.9686279296875,
  "max": 8.031373023986816
}
