{
  "min": -4.954726142883301,
  "max": 4.686561832427978
}
