{
  "min": -25.874579315185546,
  "max": 33.30691329956055
}
