{
  "min": -4.9582903289794915,
  "max": 4.9935017013549805
}
