{
  "min": -4.996542510986329,
  "max": 4.979214477539063
}
