{
  "min": -3.9937237644195553,
  "max": 4.291385040283203
}
