{
  "min": -3.9722607898712154,
  "max": 3.720821704864502
}
