{
  "min": -4.909480743408203,
  "max": 4.779518718719482
}
