{
  "min": -4.073143873214722,
  "max": 4.779518718719482
}
