{
  "min": -4.9008944129943846,
  "max": 4.620573101043701
}
