{
  "weights": [
    2985,
    5473,
    7578,
    9382
  ],
  "scale": [
    0.0003349798455903035,
    0.0003654325561959198,
    0.00039588526680153606,
    0.00042633797740715233
  ]
}
