{
  "weights": [
    [
      [
        [
          116,
          170,
          137,
          182
        ],
        [
          0,
          255,
          0,
          255
        ]
      ],
      [
        [
          162,
          213,
          177,
          219
        ],
        [
          255,
          0,
          255,
          0
        ]
      ]
    ]
  ],
  "scale": [
    0.08627450980392157,
    0.09411764705882353,
    0.10196078431372549,
    0.10980392156862745
  ],
  "zero_point": [
    104.0,
    149.0,
    108.0,
    146.0
  ],
  "min": [
    -8.972549019607843,
    -14.023529411764706,
    -11.011764705882353,
    -16.031372549019608
  ],
  "max": [
    13.027450980392157,
    9.976470588235294,
    14.988235294117647,
    11.968627450980392
  ]
}
