{
  "max": 7.968627450980392, 
  "scale": 0.06274509803921569, 
  "weights": [
    [
      [
        [
          144, 
          160
        ], 
        [
          80, 
          64
        ]
      ], 
      [
        [
          48, 
          224
        ], 
        [
          16, 
          255
        ]
      ]
    ], 
    [
      [
        [
          192, 
          96
        ], 
        [
          176, 
          112
        ]
      ], 
      [
        [
          1, 
          32
        ], 
        [
          240, 
          208
        ]
      ]
    ]
  ], 
  "min": -8.031372549019608, 
  "zero_point": 128.0
}
