{
  "weights": [
    26925029,
    53850057
  ],
  "scale": [
    3.714016479907864e-08,
    3.714016479907864e-08
  ]
}
