{
  "min": -2.8125765800476072,
  "max": 4.720572299957276
}
