{
  "min": 0.005472412034869194,
  "max": 0.9987304735183716
}
