{
  "weights": [
    4099,
    -8199,
    -12298,
    16398
  ],
  "scale": [
    0.00024393631821001058,
    0.00024393631821001058,
    0.00024393631821001058,
    0.00024393631821001058
  ]
}
