{
  "min": -4.901860733032226,
  "max": 4.982497882843018
}
