{
  "min": -2.6258130359649656,
  "max": 4.982497882843018
}
