{
  "weights": [
    [
      [
        [
          10,
          18,
          25,
          32
        ],
        [
          -88,
           91,
          -93,
           95
        ]
      ],
      [
        [
          49,
          54,
          59,
          64
        ],
        [
           127,
          -127,
           127,
          -127
        ]
      ]
    ]
  ],
  "scale": [
    0.10236220806837082,
    0.11023622006177902,
    0.11811023950576782,
    0.12598425149917603
  ],
  "zero_point": 0.0,
  "min": [
    -13.0,
    -14.0,
    -15.0,
    -16.0
  ],
  "max": [
    13.0,
    14.0,
    15.0,
    16.0
  ]
}
