{
  "min": -4.993542575836181,
  "max": 4.97363561630249
}
