{
  "min": -3.766610870361328,
  "max": 3.5498746299743655
}
