{
  "weights": [
    1,
    0,
    1,
    1
  ],
  "scale": [
    0.7023000121116638,
    0.3091999888420105,
    0.7552000284194946,
    0.2728999853134155
  ],
  "zero_point": [
    0,
    1,
    0,
    0
  ]
}
