{
  "weights": [
    1,
    0,
    1,
    0
  ],
  "scale": [
    0.012299999594688416,
    0.33239999413490295,
    0.23240000009536743,
    3.3359999656677246
  ],
  "zero_point": [
    0,
    1,
    0,
    1
  ]
}
