{
  "min": -4.942056541442871,
  "max": 4.973677654266357
}
