{
  "min": -4.951032066345215,
  "max": 4.942168235778809
}
