{
  "min": -269.66596435546876,
  "max": 399.85290710449215
}
