{
  "min": -260.74616638183596,
  "max": 291.21028076171876
}
