{
  "min": -4.9830295753479,
  "max": 4.992084045410156
}
