{
  "min": -3.863597021102905,
  "max": 3.1164999485015867
}
