{
  "min": -4.931026897430419,
  "max": 4.971158237457275
}
