{
  "min": -4.963170051574707,
  "max": 4.769385776519775
}
