{
  "min": -4.8592542457580565,
  "max": 4.7664618492126465
}
