{
  "min": -87.40138122558592,
  "max": 74.06014854431153
}
