{
  "min": -15.112948303222655,
  "max": 126.82991027832031
}
