{
  "min": -91.51926612854004,
  "max": 93.13327117919921
}
