{
  "min": 0.006121497452259064,
  "max": 0.9868757891654968
}
