{
  "min": -45.46586318969727,
  "max": 19.525028419494628
}
