{
  "min": -4.978144645690918,
  "max": 4.985724964141846
}
