{
  "weights": [
    27619368,
    -55238737,
    -82858105,
    110477474
  ],
  "scale": [
    3.620647604581258e-08,
    3.620647604581258e-08,
    3.620647604581258e-08,
    3.620647604581258e-08
  ]
}
