{
  "weights": [
    [
      [
        [
          138,
          146
        ],
        [
          109,
          102
        ],
        [
          167,
          87
        ]
      ],
      [
        [
          182,
          189
        ],
        [
          65,
          58
        ],
        [
          211,
          44
        ]
      ],
      [
        [
          226,
          233
        ],
        [
          22,
          14
        ],
        [
          255,
          0
        ]
      ]
    ]
  ],
  "scale": [
    0.13725490196078433
  ],
  "zero_point": [
    131.0
  ],
  "min": [
    -17.980392156862745
  ],
  "max": [
    17.019607843137255
  ]
}
