{
  "min": 0.010438590832054616,
  "max": 0.9913724160194397
}
