{
  "min": -10.584291763305664,
  "max": 5.210139312744141
}
