{
  "min": -4.83315715789795,
  "max": 4.561212120056152
}
