{
  "min": -4.591858749389648,
  "max": 3.884731464385986
}
