{
  "weights": [
    [
      [
        [
          140,
          148,
          157,
          165
        ],
        [
          58,
          214,
          42,
          231
        ]
      ],
      [
        [
          173,
          181,
          190,
          198
        ],
        [
          239,
          17,
          255,
          0
        ]
      ]
    ]
  ],
  "scale": 0.12156862765550613,
  "zero_point": 132.0,
  "min": -16.04705810546875,
  "max": 14.952940940856934
}
