{
  "min": -4.959668273925781,
  "max": 4.906183891296386
}
