{
  "min": -4.3535110282897955,
  "max": 4.636985759735107
}
