{
  "min": -4.959668273925781,
  "max": 4.8736056804656975
}
