{
  "min": 0.006417479291558266,
  "max": 0.9993774032592774
}
