{
  "min": -5.316554107666015,
  "max": 7.744499607086182
}
