{
  "min": -4.831517105102539,
  "max": 4.660862083435059
}
