{
  "min": -4.974525604248047,
  "max": 4.812480030059814
}
