{
  "max": 14.952941176470588, 
  "scale": 0.12156862745098039, 
  "weights": [
    [
      [
        [
          140, 
          148, 
          157, 
          165
        ], 
        [
          58, 
          214, 
          42, 
          231
        ]
      ], 
      [
        [
          173, 
          181, 
          190, 
          198
        ], 
        [
          239, 
          17, 
          255, 
          0
        ]
      ]
    ]
  ], 
  "min": -16.04705882352941, 
  "zero_point": 132.0
}
