{
  "min": -4.832756385803223,
  "max": 4.969995346069336
}
