{
  "min": -115.99438369750976,
  "max": 73.20612327575684
}
