{
  "min": -4.997532138824463,
  "max": 4.995666198730469
}
