{
  "min": -4.9974578094482425,
  "max": 4.991122436523438
}
