{
  "min": -4.224256687164306,
  "max": 4.284355401992798
}
