{
  "min": -3.351332187652588,
  "max": 4.536492500305176
}
