{
  "min": -4.801437664031982,
  "max": 4.600067481994629
}
