{
  "min": -4.92105390548706,
  "max": 4.809383983612061
}
