{
  "min": -11.26651382446289,
  "max": 12.135499725341797
}
