{
  "min": -11.397277755737305,
  "max": 12.314819450378417
}
