{
  "weights": [
    [
      [
        [
          4096,
          8192
        ],
        [
          -12288,
          -16384
        ]
      ],
      [
        [
          -20479,
          24575
        ],
        [
          -28671,
          32767
        ]
      ]
    ],
    [
      [
        [
          16384,
          -8192
        ],
        [
          12288,
          -4096
        ]
      ],
      [
        [
          -32767,
          -24575
        ],
        [
          28671,
          20479
        ]
      ]
    ]
  ],
  "scale": [
    0.00024414807580797754,
    0.00024414807580797754
  ],
  "zero_point": 0.0,
  "min": [
    -8.0,
    -8.0
  ],
  "max": [
    8.0,
    8.0
  ]
}
