{
  "min": 0.022708916887640953,
  "max": 0.9911645770072937
}
