{
  "weights": [
    [
      [
        [
          16,
          32
        ],
        [
          -48,
          -64
        ]
      ],
      [
        [
          -79,
          95
        ],
        [
          -111,
          127
        ]
      ]
    ],
    [
      [
        [
          64,
          -32
        ],
        [
          48,
          -16
        ]
      ],
      [
        [
          -127,
          -95
        ],
        [
          111,
          79
        ]
      ]
    ]
  ],
  "scale": [
    0.06299212574958801,
    0.06299212574958801
  ],
  "zero_point": 0.0,
  "min": [
    -8.0,
    -8.0
  ],
  "max": [
    8.0,
    8.0
  ]
}
